,From,Amount
0,25S2YKMG2E3L5RTFI67NTSWFJJQHBTDULAIN7TQVXWB3E4E5Y6BPG3O44I,"29,778,841.42 Choice"
1,25S2YKMG2E3L5RTFI67NTSWFJJQHBTDULAIN7TQVXWB3E4E5Y6BPG3O44I,3.4
2,5EAV5ZEWQ33XZ25STXG7OL4IMHONBBBSPX5BVU3DA55OWOLQJGRUIJ2MOM,"11,124.41 Choice"
3,GY43SCKR4OUOCNZBGZYLY3IO23QGNOTGOOGI444NRAWDJKO5YVO2FPGE7M,"23,591 Choice"
4,7SE7G4UHQHXXDLZ2HYWC5PJVA63ME5IESLUYNOPLLVMMVAWQCCUS4O5HHQ,"10,000 Choice"
5,CUP3YICRKEOGYVBBP7T45NGTI6C7XEBNB44GYAQ2XKJCH4E3DEPBAQOLUI,"10,929 Choice"
6,FADUJROYHHKJOSCZAAPW7NS6LRATRMIJ4DJVASPOSOR6TRACNYBUKHDY7A,300 Choice
7,JBGLAMY5F64RDOCYADWICHV2VUGK5MQOJESEBC47JPCRQRJSNHDQ5XPRS4,100 Choice
8,OB2YDFAM2AIV6EN5CLWLISAKUO5K5BESRCPIN5ANPDELQVQOQCKH3DZBGA,1 Choice
9,23Y7HXC7EDQKKAOQQN5A2FLKFOEVQUYT4B6PYZKLDF5AN5EEVJ3Q3WCMN4,500 Choice
10,WN6IA5FQR4KE2XGCM3ZPAUBUZ3AZS6VIGSN63LB63QXKPFQD3GXR4QEWEM,"30,586 Choice"
11,5F5XDX2Q4HK3F4RLNLLQRVMRHI42GCSFKMFOSC4FNDXW2UTOBXY5OWAHXU,"66,765 Choice"
12,3EOQEWFQACSBUBPJXJWQ2FYUJYVCHDQ2BIY7HTX5YFV5VXUZDLTV3DGX7Q,"21,755.96 Choice"
13,3EOQEWFQACSBUBPJXJWQ2FYUJYVCHDQ2BIY7HTX5YFV5VXUZDLTV3DGX7Q,1 Choice
14,RFBSX5P6NQHPAEJ22IN3SHBJ4W5EVDX52VX4VBLHQUVMD52DJJUWCKDFSI,10 Choice
15,RFBSX5P6NQHPAEJ22IN3SHBJ4W5EVDX52VX4VBLHQUVMD52DJJUWCKDFSI,2 Choice
16,SHSVAPD3KMF6IXCKPQRRRE3SZKDZ43H5UT2EHUZBAQZJEYBJAYCOQAVYSI,"20,653 Choice"
17,5CQWJGYHVX2YOOT4LFCP5TP5RNBSS64GK3HNHGLF3UJ7GCCEGNT3AJOBAA,500 Choice
18,APJUGCWYTG2VAWPGWWDBRYUU3ZE3MNNXS3KH2FOUFKTBP7I76CUD2BPUSI,99.69 Choice
19,USNVBAWXO3E4TNTM762QAEIAQOS7TDDC5JF6GZASUM3WMVLKYNUUL3HQMI,1 Choice
20,T7RDYVHWGMEUET2XT6R5VVMDMGHM24LLVT6BRTINL3G7WZYJHRPGUJ47PQ,"17,508 Choice"
21,47556QB2B4RTFALRTRXGEMO5QLH5PNPXRV2O6QEXLF5BVXT73GKORUIXQE,176.78 Choice
22,P72UA5RNPL4LMAFGADIP6WOSXQXIIMICBHV3LEPERWKCEO75VJBSXXER2I,"12,712.92 Choice"
23,ULKJUBJCGRELJ3VO4I5DZMPG5DLFE4WYUSXU3LHHXOMWKZ3LM34QCEIQLM,13 Choice
24,O4VQOR7NK7ZRJIKEBY73VL233JKPNEVF37WVI6VKRFIQUIA7FQJDVF3OSQ,"50,000 Choice"
25,CU3QNG7XJ25JBPXJRGSMZQNP2WSXPNSHWGCTMNBZMRJJ5YZSAETMXBL6YI,100 Choice
26,W3LDQG4MOWMEJ4PEJPLCX4W23XELS7HD4LIC57SVV4XIFAJZN65TUY26I4,"9,273 Choice"
27,EU6FGLIPNQ4RH54IRFFQF4KXALX4BYL6XGHU5GA6K3SXUFCGE232CMSZ7Q,"10,417 Choice"
28,36X2NU3RXBMHVYIZNLWUZS6JOZCNZWGLJMNQ5P2FCHBHUV6TR443DCQXWM,"40,000 Choice"
29,3XVJ2KGI7Y2ODFMQJ6DIHCLT2M63ALPJWCGXQXJWDH5MSSHNR7B3HJIRJA,219 Choice
30,EJ33U3PAF23AUT2P3HIY4E7BI4UAE2PHPHQVOTABICVGFVRGB62VKKULZE,"166,103 Choice"
31,PQPPTTYZC7BY2CJN4HOW34PL4E4XHNEG7TTBEFAZF36M5F3PUYNTBDIHBY,15 Choice
32,WXIVDKGSBDBLBNKP3ZYEXJU5WHBEPYLKOQAWXBYFGJ6VDVZQA3WCLSE4WA,"186,600 Choice"
33,D73EIOFYMTSYF2OBOUJW4ZPXPMZJ22GWUY6HY7VGCFX5T6U3VPK5VWMN5I,1 Choice
34,DNF2WRWW2H3V26YR5BUCLKIUKFLTOOBBFUR6OWSSYSZGEYPQDQC3B4TAOI,"12,300.72 Choice"
35,J4DHYLTCVULW773YVQ3PK7RIMOETAWZ2OLMMPVWFEUR4JYBOANJI7ED7FE,"10,000 Choice"
36,QZYDDAY437K5DZ7U3ZJ5MXKMSLJRKLWJUSLJ5WXTGE5VLYHIT7SJ3D76YQ,"510,000 Choice"
37,PB4OH3X2YFCDOFU75PVFHC4FSAOVBMJJG7GVMRK433GATX6EBRXUYKADTM,"1,124 Choice"
38,ETT4BWE5FSJMAZJKGMRZFBRLVYSVSXVG5FULK34LXMLJ7J2UKLMO5DNB6U,"46,524.67 Choice"
39,3AJGLNBO5OOILRIVXDJ5TAAVSSKMIJDMI5T23MIDFOKZNLRNQ5FMIZQKRA,"212,000 Choice"
40,7T4QDZ6HAH4MBHDIDINXJGBVFX2B3EUPA6HWOXKHGHX5RL7PTCOVN5QSVM,"2,274 Choice"
41,7T4QDZ6HAH4MBHDIDINXJGBVFX2B3EUPA6HWOXKHGHX5RL7PTCOVN5QSVM,1 Choice
42,SWZCEHH3NLT4K5PTLZYBHWHDG5NPOOYMBOBDC5VVT7DI5CQ3DLHDVMF4GE,1 Choice
43,FQSWNAE6KWQQZMEA3BNFXWAKNIMA37H62EUBS35GZ43X6SIQ4JL262G5RU,"305,611 Choice"
44,HLUHD6V3CDMAPKPKY34ML3BQUZ4IPSKLCCAJIP26FBPCW5AJMFS554UAVE,"82,457.23 Choice"
45,IWGN6U3TR3N5HA4JU7WF76BKIL56GZNZFISGTH5AUZFD5RXE7LUIQERF4U,"291,907 Choice"
46,5UM3GPAHRXZGTHXZGKDK5A7DDUAZRHOVPFYWSSI77N4KREQFZCVAW2F3BM,"18,557 Choice"
47,KVDAVPZ2MLJEOJ3HYCCHUS47HYMNCAOWISCKWNMUCTKQLIVXXZLZINFH6A,83.02 Choice
48,K5TPEBPC7JZWLSQ5HDNZRCP3ZAXB24M5JM3AXJJ75EQDIIXMP3SKJOZYEA,"222,464 Choice"
49,IJLFVZSRNSUWEBMG2EQYVHTHA7CF6J4CM3CFPT3EUDTQ5SR7DAB3HDTI64,639 Choice
50,SFRPHD5GTSDGSFQPLRQIKATPINYSXIBKWQK6ABN5KTSASUEUNANJKAF44U,100 Choice
51,2OFDYTRHJPM5SYD6E2L4QCZN6ULSTYJPFAXNBYXKIMVJQN6MVYCDCYEUQA,"20,000 Choice"
52,ZENPJCF6PTQM4WR2VPUFN6STB3VGUGI52CI7SVECA5UBU2YCZ66ANQTR64,"1,603 Choice"
53,P3JLV7RZKG4LL6EVDAUVCR4RW7TMDNZOT5E3NUPW6427DU43VILESV7D74,"13,000 Choice"
54,7XEWH7HI2HQUDSD3PZ4XHPV5EVW3JVG64GZ52M46CMP5PZTWL2Y6JIGPEA,1 Choice
55,EHRIQ3JN2ITOA2GSC5Q3ALBMH266L2JCTHT7HZZYTL4KITQ6XZ4AZNBF5Y,1 Choice
56,755ZXG5DF3HF4WD4IAJMLSSZHAEO4ZYEGGS5ITNWR2D4OBHQJRRVVJ47QA,"1,000 Choice"
57,2BZIB44OGDQEMMMQVBFJ2LSLHJABHZSD5GFE5ZYJJ7QLEJOTHD6GAN7QNI,"70,000 Choice"
58,AGK44HQJHY3EY6S2YDELW2SMTJYUAEAOX7NT5IXVAZM52SB5YRJNNFOCNE,"5,881.28 Choice"
59,AGK44HQJHY3EY6S2YDELW2SMTJYUAEAOX7NT5IXVAZM52SB5YRJNNFOCNE,"8,479.33 Choice"
60,5MR2CSNP7IXLY7FAEGOMJRPZUDUCBD4IWUTB5HX54SF6RG2EC47SLZVQ3U,400 Choice
61,5QLSBD3MY4TGLK3PMTHVQ5XLDQ3LS7N2S2CFFRQYFBI2FXWWWA3PI2FQQM,"10,828 Choice"
62,NPYBQ2CX2NS6AMNWTPCHYV4H3EJ65MNCQD34NEIQRYQLL3GQ3AWVREDLMY,"5,123 Choice"
63,PQPPTTYZC7BY2CJN4HOW34PL4E4XHNEG7TTBEFAZF36M5F3PUYNTBDIHBY,29 Choice
64,4OZMZUYDTVIY4LBEOA6VN42QB3VWWOA3VBBB7QPS2L5UISSE5L2D2BZGBU,1 Choice
65,XFOQO5VH2LGPM2GSYLOXZXF6GLT5Y64UQ6XWOZM5EXGJKHYQCVS2ENRVKU,"15,000 Choice"
66,C5MWAU6LKHA6RBEX4224MZQD3GTUEL2AXEOTJDYENT6U5W2UTIK4GZEFZI,200.4 Choice
67,KGLUF5WZMLDMLT67FLZZSY4MMSR5PDRRHTTF75DV5GG2NXGCHT7MB7LPKM,1 Choice
68,PAPZFFMC4FXBJ54OKBAJSAQ34FKRW7KLQTYUNTJTV3I6PO37CUQDJTW2BA,0 Choice
69,DNSXPZ6XURDW7KNTPZR2E73APNHOBJREZY5YRHDE7CPTH75I7Y36WTKAAY,"5,440.46 Choice"
70,ZO5FZCQWF32B6E2GRCLL5GOFVWHTCGAYWX53NSN5MTKKZXUD5IL3WPBZFE,"251,330 Choice"
71,ZO5FZCQWF32B6E2GRCLL5GOFVWHTCGAYWX53NSN5MTKKZXUD5IL3WPBZFE,1 Choice
72,FXPNBBP2D4FEC3KXJOECWIQVJVXS5GY5EEQMSFLWFR5E6EES3HA4DRML64,"60,000 Choice"
73,RZ65BIVBOCOET7HV5I7VT3E2QN5NZRDRLQYSYX2MR2ORQZUCD46UHAO2BQ,"88,892.76 Choice"
74,IPW63JCG4KVY4OB2CPT4P2PXBIQF76JV5LWZGLD26NNTQ3OHV2LW7SXGD4,"13,000 Choice"
75,IRFAF4HC6L4CZUGTN6JI2OKNGCLGAX4Y5FEJLMZMSZ5GTX53BNZXOKHZHA,"27,700 Choice"
76,IWZKYZ53HXTA3BNRT2HKM4RVFNOB6NKOBTSZZJX5YEYIACZOFVVO77SIY4,"105,970 Choice"
77,PSX7LW6WCBNKS6YDEUABNGZTPHYHH3HAZSWNOSNGH5IDUR3WLHZG33OSFY,"134,570 Choice"
78,PSX7LW6WCBNKS6YDEUABNGZTPHYHH3HAZSWNOSNGH5IDUR3WLHZG33OSFY,1 Choice
79,PSX7LW6WCBNKS6YDEUABNGZTPHYHH3HAZSWNOSNGH5IDUR3WLHZG33OSFY,"1,648 Choice"
80,MDXSG5YFIYYHFLDYMWNKV5GX2MRVTRYFZ5C3TMI372E2ANH2SJSIQ5JTEM,295.11 Choice
81,L434WO2LRIJD2N3M5XZDKEMQ52SJHWFRKTBMNVGFYKMZBMX2Q4VC2EZ6VA,"2,909 Choice"
82,2M4WWWGXV3YUAH23UGCFGJXAYQ4PL5B5CUDRUR3DOZ22IPVY23GZ7FJJ2A,1 Choice
83,Q4H4AEV7YITN4M5YPKGYYFNHDUHX5IG6YSX22L33P3GSSXFYP4QZZRMUUA,"11,535 Choice"
84,ITDYBTEGOKYICCX46OX3SXZVUYX5PKMPQEIEVWKCDDC5SBRWNCNIOJ5ILU,"19,067 Choice"
85,XUPVW4543UMWQ6CINCTMG5UQBDR4JE5ENJQYFAFPYF3AQ3YKJVCYUPPSYI,"5,000 Choice"
86,Q5VDRHYRW4ENOSGIKGFE4HGSLVCNBQPDCMGZ5NX7NOEKKH2K7XI7KQDR6I,"3,435 Choice"
87,PS6EN2XCP43YFRIMUOL4XWHR43JPKYDU2V3YFDH54AV2R5WNEZQP7SOX3I,"67,243 Choice"
88,E2KKHGPZBRWOXW3PKWBQZTQAHA2XUDOFKVGLUTUTOZTURW2ZICWMS67E6Y,"240,000 Choice"
89,2OMNHESNVGIXPJCWZR7EUEHKVKIH33FYAGMUMEYLLOB24Z4G22NS5V5OEQ,171 Choice
90,AC63V7LIVS2FGKDSCDQFW3NMO5X6DMC7M4PJ7YJTRX7RBF3UZENU24WWBU,1 Choice
91,Y264Q4BPVGMN4FTLPSZHSMUBBUNJBYPARAFZAJSHBKIEMNZRZRSECHQFXY,"38,569 Choice"
92,DMUK4WNB2WMUIYR5M7DZXOFQPRK43KVMLJF7VMGKO5LKNQUUJCX7ARAVSE,802.97 Choice
93,5MPYZCD3QVYPN7VOM5RMKTWVBZH6UKMXVEKGH4OIMDNAUBPQ5ONLK2HIDY,"18,721 Choice"
94,MJYU6K5K2NI7PCRPADG5I52QB7RME3UJN7ZY2IVBQL24UVOW3V2BT6GFV4,"1,590 Choice"
95,CRCFWE6DKSQJHHZ3BYS3SNTZQTTMK32WLAAW7TZ6CCTDECMS43SFULI74E,"16,404 Choice"
96,JKYU5BUSOIBUZJRIQTVEGVJDUDINDY7LL5HV4PWKJ7B7OAA6VL3LNKDZF4,630 Choice
97,WTMN4234KHMRYFUHCZQWMCNSSYS54THDTN5TEXEQVIHX4AV62TR5TVRROI,"1,616 Choice"
98,RUKUTIGFENRTEXSU2U7XI3AU6UXYPHE4DW2F3NODYQZQ5JEW3EQHUODPXQ,"6,350 Choice"
99,LGWLJKUB3OXAC4QBBAX34NE2KQENVNUTP7RXM67M6F6KDCO3GCZRWQONQM,"25,000 Choice"
100,HRIM3PIUAQFAG5VQCUYGJQOLSKHPAGEODDTA7A7M3KAGVRRYLXUHXABW3A,"65,353 Choice"
101,OBMGNXMMUX5GAB2H3YEDHZLIP6Z6MTDM5J4QQGN4Y26SMFEIFH2UYTH5NQ,"628,000 Choice"
102,XT3UYNNJDDBHXVJNTKVTLJX3HZSNLEBW627UFG2A45CEU7W6OVFIEAYYUA,1 Choice
103,2QLM3ZDPYOKTKSA7H2K3Q6S6BMH2XERCI3MDTHY3PGCWOBCWW5BZK3MYCU,"10,600 Choice"
104,5ZXWUKH4GSX4VGEGNZSOSRNXU4JV5CYW3AVF2YQB7OTQ4CCAR27ATLNAHM,"1,487 Choice"
105,HXB6AKQUUTNBIG3MINJZXJ7SRTVGYJJXKF3UD4AFYMPVUQJ6J4QVSMWCNM,"2,757 Choice"
106,HHMXM4WJHBX45BAXXDSOBA5JZ3BYFO5V5G7MSEK6NF2VH6TATMNZZMAOOY,"18,700.82 Choice"
107,YZLSQRXX2INSSFKJMS3WVGWVWECWB56PU67TXEOOZY4RB4TI4ZTBJXDNDA,"1,292 Choice"
108,BPZHHL7CRVZCOTBIPZMANR6HRRJXOQFG3HMKP642V2VP6OGJ7U3N6BZ274,"85,000 Choice"
109,KVDAVPZ2MLJEOJ3HYCCHUS47HYMNCAOWISCKWNMUCTKQLIVXXZLZINFH6A,255 Choice
110,5K3NXEEZWLQ4PIWU55JMJR2R6YDJ2D5VWJLBGZ4LOF6L2VAYCV2J447ZFY,"70,611.08 Choice"
111,GBQQCUP6FK5PTWKJOM3WRFK2RO4HGYTEVNJYVHFSH4Z7MS2GFPMR76TRHQ,"5,477 Choice"
112,HPTM6RHBUQTSPWF456YID3IOEX67LVUHW4ZGZ3UCOPD2QZ6EIRR6I6FC4A,"35,594 Choice"
113,5WGCFXM7IILRPLVH5S3YZOITQ22J6Z3WX7KZWJPF2P5GWYWPQKNSQJYACA,1 Choice
114,XJNDUV2X27MDLKENF6A3KVK2YXIUPYZPEWKK2VLF37XEERNG6W4EMINWYA,"283,741 Choice"
115,HXCXBEU3KBRLF5Q5YOWMOE2D6WGBAXMFC4UKECYFENB6DFYJKBI7KO6CKY,500 Choice
116,KTEPE6PEKTX2SUXY4MDMCUPN3BCGQAAE7KCVGRH2YJ25EFY3J6PSRENVPU,"104,000 Choice"
117,TQKDMVEDYXUQ5B4KIF3CV2ZQJDPF4S3TPJUEB6UMLX7SJBWYPVSRPJTTQI,"38,366 Choice"
118,7I4UENINIGX5TYJ6WFR73KLO7XPESIBZKMKXSNPVQ4QGCBJQAVJB6GM2EE,"20,400 Choice"
119,UKPJBXEDRH5ZFCSSEWOSGZTOAZCB46HKVB22CO5I7SNSFTLMWVDIYA2S7Q,"10,724.59 Choice"
120,JWRUCMUFVHTJGO6C3SHH5EGJP62TXL26XYOIMJIH7TL55R3TBBENFOQ2PU,"1,000,000 Choice"
121,CBRIDQ57HLYJWXRUR5VQYB5XPOQ6FCAQSPKZCFBEOCLQKF6M5PKY5TTYTY,"41,721.17 Choice"
122,A5FQ2XAOZQXVWT2ZPC236HGKENWLFPJPA4GP4CNWFQCUIDDRSVNUP4RXHM,"1,200,000 Choice"
123,TVBUZF2WQRSGJSIMMA3MV4UL7FL6IPDF5BQ7N3MDTI6RHKYLPNSACDA3QE,"2,702,250 Choice"
124,SE67WSQ4757STCE6OFC7XSVSR6YRNPHHHWGNCWVURFOGFMARR4JYRVJUUI,4 Choice
125,JEY4JCKK344PCD5JZZTYZAAUVTT2IOWUTNJBBEQWNLQG7ZJ7RYJLW5QXRA,"24,803 Choice"
126,FXXNUDLZX36KTGF2D2YZ4TQXPUUPLERKY36SUNWUAFQM7S7D4GYD4MQS2A,"105,770 Choice"
127,K4T34R5EKBU6XYPK6FN37KX5BSHUAU4BNJILRLBLVMWWQ6B6U62G7T35TI,"2,800,000 Choice"
128,PTL3W7VCUL6EL7CNWLYUQ7HETO5MP7V3EVVD4SB7BPJY3RYNZK3MSKBWGM,159 Choice
129,MDXSG5YFIYYHFLDYMWNKV5GX2MRVTRYFZ5C3TMI372E2ANH2SJSIQ5JTEM,"240,360 Choice"
130,V3OJC3R3Q4USK6ONCGD3OZDB5Q2S2PUO2LSIPB5JHEY6XOPOJB2O3OA3IU,"19,262 Choice"
131,KC5HB4Z7IAIPGNC2G5J6JJI5NLUJQBNPDIMZGKOQKJAFALHKA2XNTKWORI,"160,000 Choice"
132,JOJMS5BBQ7ZN6Y4XIBR2DD6IBPHE5BM7L5FUXI74QRN2ATAIYRRGBMFR3Y,"20,661 Choice"
133,DPYR3OQWPCMWXN6PNC3ADWNXGNFKDT2V5PMOWZEO2QWUVMR732DLHGFU6Y,"21,340.24 Choice"
134,XBE3VKCPCOK7HJFJ3R36DKLAQY44PTH5YYY2S4B736RTLHNHG4ELZB64S4,"10,784 Choice"
135,BPVQAIMY5KXPAZ5OJ2V4HHXVYUJKPGGX3EVBIFULUE5M65MBE2I2HAG7SU,1 Choice
136,YWANPHTOXRVZCFNLRT7RVHRO5BZHVW6TG3HRJVUDVOJV3NQCGHW5NSCMAI,"30,333 Choice"
137,XIJBQUGVHBFQLJCXDSKIZIJ6YLUIBSJGW4VL7IK7T3QTRNYKB5XBPHFTFU,90.42 Choice
138,7QGMT4WCGRNV2P5ZV5M7NIERTJ63KAAZC6ULFJSSRQH7PR7WT7QRPRO4PM,100 Choice
139,UWFUWQ4JINWTLZG7TGRAB7IVDSXFWDQVNIY5GVJ5DAO46USMEVHCXLEHDQ,"26,241 Choice"
140,NEQVH75CLGFGASWEBFZ2F6G24DP2AW4EB3T2664BMYDUJDHMKQDQSJ6XZ4,"11,347 Choice"
141,HDBAA3FEEUJTPFYTKS7STQXJ4WSQD6WHKVPK54CUAPJ4XD5V4ZSTXVIV7M,"9,542 Choice"
142,7QGMT4WCGRNV2P5ZV5M7NIERTJ63KAAZC6ULFJSSRQH7PR7WT7QRPRO4PM,10 Choice
143,6SNY5BGSS7DKQMTTU5IIL63ZQCSVM45VHJJP7T6X2ZLHRXESAJQO55RRRI,"22,320.01 Choice"
144,7QGMT4WCGRNV2P5ZV5M7NIERTJ63KAAZC6ULFJSSRQH7PR7WT7QRPRO4PM,1 Choice
145,2HGZ2WLDORPTZWJXN6ZRQBZX2FCOMQMGTXYHGC2ICF3ZMEFVUPSUPXZJ6U,"2,113 Choice"
146,BTIAXWB2UIDPKF2FCKK7IRW45A2GKJOG7FO4VBKS6AOLHMNLIQ4V27LSCY,800 Choice
147,SNGCSF6GDEZORYK7KN54PJUZ7VO7M5PCNJ6OAAIENZAWXDJKYODM2NN2CM,"1,519,827 Choice"
148,XFCZEMYFV2KZ3SY4QEF4JMCT6XJKVAU2QHQYTP4PA7STUOJD53IIXTX6ZM,"113,072.04 Choice"
149,SNGCSF6GDEZORYK7KN54PJUZ7VO7M5PCNJ6OAAIENZAWXDJKYODM2NN2CM,"11,000 Choice"
150,CXAIZ4HOWTAMG5N232457TUAUSBTIKXQM5BKZYLZEGVVIKYJJLFVQWUNKU,100 Choice
151,BEM3KEGO22Y7LBMQPSQZRT4O2II25L5XWOHVAMLIWT5T2GLKW5UW67ZR2M,"11,199 Choice"
152,TVDSS76GDM7TXOB6CJUD236PGTKKDWNZ3QCL2LYFWMB5CRP67A6TSHCGMI,"1,757 Choice"
153,COX7UTYT3I2CETNGXY73HRSAMM7YPF4QFBAEK5VAC63JUDGCNCMWZ3T2EM,"7,163 Choice"
154,56UP7DA24GYEQKCEM4DPBKXGN5ENC7IH62AIEHEVHBZ2F2PLCRGF4LUDC4,"4,543 Choice"
155,Q7Q4HRHD6GSMYRXVQIW4ZWAGJDBB3BMJ2Q2YVNACBUXXBWGV7ZAMLAI26E,"299,300 Choice"
156,PQPPTTYZC7BY2CJN4HOW34PL4E4XHNEG7TTBEFAZF36M5F3PUYNTBDIHBY,"49,000 Choice"
157,6MW3H4VEGZHCKRHLP7NRB2YXHIYHRXTNFYGSNTDBI2AAGHG56RZ5YKBPGE,"2,500 Choice"
158,YCRWL6AXSNSDRJ6IE5DBY34AW4N5MGT65S5OOLFXVPIDK4Z54ZZ5R66JGI,"7,170 Choice"
159,TICJXTK5ADXYGZHBO2APLDJRPHSTKWQVT7GQQANFIFTVU2LE573PY7DL4E,"10,640 Choice"
160,HFT3ZVIPSBVVSPHGENERIZ6GJGS5533EBOE2WQLTSG7JU7JZN7AJCMFN4U,"44,737 Choice"
161,2C5VYVSUIQYQZFSCCRDUJDIEAGV5LTWQVLXDX5HRXAL2DWGRF6BQLKJ6KI,"30,000 Choice"
162,PDLTF43ESC5W5SOTGUQIPQC3LQES3Q4V3QGZQVENONBKO2CV6XCZNWCTVU,"12,845 Choice"
163,CTYYO7HONCGUC3V5UGNCVBMJVM2A33J7PKLCAC5LZOCUWZ6UNFIEP2HYNU,"11,003 Choice"
164,OH2NQCXFLB4BBZ6PCZ2LU4RTMCNZJR3HNJTYWXYWIJ64HV7MDI77ZJDTMY,"5,000 Choice"
165,G2YDWFLK6EHUN7GNUAQNZ33HZFCQ43LE346CNH2UI5MR6HR22IRPDXCE4Q,"17,300 Choice"
166,SS63W2WUJZS32EZCLU6JXE5A2DGUFXC5CGB2CNKLIDNGBI566IQRHYXXKE,231.89 Choice
167,EXTP5V24TBT6UJWM7LPZEHSJSTAIYMUXQ556C52PNZJ6WCGHRA4JCS2NW4,"33,892 Choice"
168,CJABNJAAHBSA7VVKISFCWTRKSBQQC2SGAY7JAOTOE3S6HCL6IH4I6DOJZI,"290,000 Choice"
169,TWW2T2TGMPDTBDAS3GW5GGZNFUQYBUWC33YX6EXQ2UHHEH2HAB3A5HLPAQ,89.38 Choice
170,TWW2T2TGMPDTBDAS3GW5GGZNFUQYBUWC33YX6EXQ2UHHEH2HAB3A5HLPAQ,"10,000 Choice"
171,LEFID3663OWCS5JVRNG64SS3JHXCBKIAFXJZBHIXMLILBZRUQDY4IPGXC4,"8,017 Choice"
172,KRZYFYXTQ3YK5ADN4VFYFHGRLA6RGUIEO3D54LZC3MV5LKI66P3LDLPVTI,"100,780.28 Choice"
173,5EXE2CFWEJG3MSXPWNYR7YCHIWUUBJ7TIPO2JP6VA2TA5TKDQLCUFHW2R4,"10,738 Choice"
174,HLZXOBMMZ3Q3XO7UVKP5OFGWPOJDGEGBOWAXLRPM6WUVIU3MYGV3SUTFQM,"5,620.32 Choice"
175,HEZ537GU7UJVVPT36PG77IA7OQYPUEAMPA3LDZJ4RPFVE4233ZPWG2SWEE,"22,315 Choice"
176,CRFI6TTPTUWXA2PATEXPHK6OD52KMTBBGFEXTJYIYXO2GX5CBE7G3PAB4U,372.76 Choice
177,A3RQRSLYPIPNU77CR2FT26ON37FIBJR6MSTSTH72MRDEHE7WHMKX5I232Q,"1,387 Choice"
178,SICZCCMHJRR7FD2X7IC7UBYYLZJFHFHXPLKJ6QQFJ5Y7OUDJWVWQQDXH6Q,"856,281 Choice"
179,SICZCCMHJRR7FD2X7IC7UBYYLZJFHFHXPLKJ6QQFJ5Y7OUDJWVWQQDXH6Q,1 Choice
180,QQQ7RQCJ6RU34AHYC6NVUH5RWM4IYFVMRXPBH45UGRCBOBIS7XPPEPO4CM,25 Choice
181,ROJMVMCWRJI6PUGY7TAWGBQNOIQ7KUGHC4O7OFKQSBAPFGS53BNFVB6V4I,"155,454.13 Choice"
182,C5MWAU6LKHA6RBEX4224MZQD3GTUEL2AXEOTJDYENT6U5W2UTIK4GZEFZI,959 Choice
183,VAIUNW6AJX36BL7BIMOWTDTE7F3ZNXTXIJF5YIL6OU5MBWUESAHFLFXB24,"13,000 Choice"
184,VUAWQOWCVHQALHZNFWIBGMGU3W3PJZOHO5PFGFWFPJC6MU4IW3VP6G3YW4,"45,681 Choice"
185,ZKSLXW4YDFL5C3RBKEUK4PGTZL4CSQYMKOYD3DYUV237222K3IO7AQP5IY,"23,308 Choice"
186,IGM3XXZNAR33FKPVRSUDYX4SJDHGOFW2LMFMGRLJL7MDPWTWA7BSPDOP6U,"106,758 Choice"
187,5CZ37IH2PH2IUBUFM7CCAGNTQEWCUHOAU2O4GEBBU2TF7ZUCQDVK5ANFCM,"1,000,000 Choice"
188,5NYEGAY74EMS5GKXIRERMHNLHF4END4CEBDOHTK3H2OXFMQDBDD7S6JONM,"29,445 Choice"
189,2OMNHESNVGIXPJCWZR7EUEHKVKIH33FYAGMUMEYLLOB24Z4G22NS5V5OEQ,"155,767 Choice"
190,KW556YVVJ4PM4G3WKJOE5II6Z3ATJ4QDENITM47PWM542WZAGCEHEOKMFY,"11,327 Choice"
191,RZNDS3LX2RBMZDFSZE5D2YKMVSBELOMYH2TK364IAQULL6ZCORDYEXOCWE,1 Choice
192,K73G4UKBID373WUCHHD4LZOI4O4VUDPVTLY3J5S2YPVRINGJSJAFSTTKUU,"11,243 Choice"
193,RZNDS3LX2RBMZDFSZE5D2YKMVSBELOMYH2TK364IAQULL6ZCORDYEXOCWE,1 Choice
194,RZNDS3LX2RBMZDFSZE5D2YKMVSBELOMYH2TK364IAQULL6ZCORDYEXOCWE,1 Choice
195,IQZSZQ2DENEORCFPIF56RPBQR3LV7WHVSA3TJJZKYJKDVUG7RACVQQYLHU,"39,934 Choice"
196,JJ7WAHQDWLCHNKEZPLGKFF4Y4OLKYY2HNZH7GBBCZXZ3Y4LKVBSXM6RMR4,"10,729.52 Choice"
197,DSRPAHSC2TBYVYPEVOXPK2TO33UPS5P4J5IWFEBGKZG6FZLGCWSJVWDDAU,"12,000 Choice"
198,RYL7PTWXMSJBTNDGIYMKEHVQSZEO234NA7ODGEDRPNBKSEHTRRTMVXDRF4,"20,630 Choice"
199,RYL7PTWXMSJBTNDGIYMKEHVQSZEO234NA7ODGEDRPNBKSEHTRRTMVXDRF4,1 Choice
200,IZIRBJJM3ZAW63AIGINNAPGUX542ZGZVJVHLSIRP2QBAKPX2GR6DF6I5NQ,2 Choice
201,PDVF7BKP7DQDGLDSC3OTW6GM34ZSA7HTOC5WSUGM72MBZFF2UKTC3HJZPA,1 Choice
202,25S2YKMG2E3L5RTFI67NTSWFJJQHBTDULAIN7TQVXWB3E4E5Y6BPG3O44I,0 Choice
203,3XOQCAIHLQQMTIX5QZGGVRX52DC6ARDKZJOMLF7SSCYLP3WWUNYLPN4WN4,4
204,IZIRBJJM3ZAW63AIGINNAPGUX542ZGZVJVHLSIRP2QBAKPX2GR6DF6I5NQ,2 Choice
205,PDVF7BKP7DQDGLDSC3OTW6GM34ZSA7HTOC5WSUGM72MBZFF2UKTC3HJZPA,1 Choice
206,25S2YKMG2E3L5RTFI67NTSWFJJQHBTDULAIN7TQVXWB3E4E5Y6BPG3O44I,0 Choice
207,3XOQCAIHLQQMTIX5QZGGVRX52DC6ARDKZJOMLF7SSCYLP3WWUNYLPN4WN4,4
208,IZIRBJJM3ZAW63AIGINNAPGUX542ZGZVJVHLSIRP2QBAKPX2GR6DF6I5NQ,2 Choice
209,PDVF7BKP7DQDGLDSC3OTW6GM34ZSA7HTOC5WSUGM72MBZFF2UKTC3HJZPA,1 Choice
210,25S2YKMG2E3L5RTFI67NTSWFJJQHBTDULAIN7TQVXWB3E4E5Y6BPG3O44I,0 Choice
211,3XOQCAIHLQQMTIX5QZGGVRX52DC6ARDKZJOMLF7SSCYLP3WWUNYLPN4WN4,4
212,IZIRBJJM3ZAW63AIGINNAPGUX542ZGZVJVHLSIRP2QBAKPX2GR6DF6I5NQ,2 Choice
213,PDVF7BKP7DQDGLDSC3OTW6GM34ZSA7HTOC5WSUGM72MBZFF2UKTC3HJZPA,1 Choice
214,25S2YKMG2E3L5RTFI67NTSWFJJQHBTDULAIN7TQVXWB3E4E5Y6BPG3O44I,0 Choice
215,3XOQCAIHLQQMTIX5QZGGVRX52DC6ARDKZJOMLF7SSCYLP3WWUNYLPN4WN4,4
216,IZIRBJJM3ZAW63AIGINNAPGUX542ZGZVJVHLSIRP2QBAKPX2GR6DF6I5NQ,2 Choice
217,PDVF7BKP7DQDGLDSC3OTW6GM34ZSA7HTOC5WSUGM72MBZFF2UKTC3HJZPA,1 Choice
218,25S2YKMG2E3L5RTFI67NTSWFJJQHBTDULAIN7TQVXWB3E4E5Y6BPG3O44I,0 Choice
219,3XOQCAIHLQQMTIX5QZGGVRX52DC6ARDKZJOMLF7SSCYLP3WWUNYLPN4WN4,4
220,IZIRBJJM3ZAW63AIGINNAPGUX542ZGZVJVHLSIRP2QBAKPX2GR6DF6I5NQ,2 Choice
221,PDVF7BKP7DQDGLDSC3OTW6GM34ZSA7HTOC5WSUGM72MBZFF2UKTC3HJZPA,1 Choice
222,25S2YKMG2E3L5RTFI67NTSWFJJQHBTDULAIN7TQVXWB3E4E5Y6BPG3O44I,0 Choice
223,3XOQCAIHLQQMTIX5QZGGVRX52DC6ARDKZJOMLF7SSCYLP3WWUNYLPN4WN4,4
224,IZIRBJJM3ZAW63AIGINNAPGUX542ZGZVJVHLSIRP2QBAKPX2GR6DF6I5NQ,2 Choice
225,PDVF7BKP7DQDGLDSC3OTW6GM34ZSA7HTOC5WSUGM72MBZFF2UKTC3HJZPA,1 Choice
226,25S2YKMG2E3L5RTFI67NTSWFJJQHBTDULAIN7TQVXWB3E4E5Y6BPG3O44I,0 Choice
227,3XOQCAIHLQQMTIX5QZGGVRX52DC6ARDKZJOMLF7SSCYLP3WWUNYLPN4WN4,4
228,IZIRBJJM3ZAW63AIGINNAPGUX542ZGZVJVHLSIRP2QBAKPX2GR6DF6I5NQ,2 Choice
229,PDVF7BKP7DQDGLDSC3OTW6GM34ZSA7HTOC5WSUGM72MBZFF2UKTC3HJZPA,1 Choice
230,25S2YKMG2E3L5RTFI67NTSWFJJQHBTDULAIN7TQVXWB3E4E5Y6BPG3O44I,0 Choice
231,3XOQCAIHLQQMTIX5QZGGVRX52DC6ARDKZJOMLF7SSCYLP3WWUNYLPN4WN4,4
232,IZIRBJJM3ZAW63AIGINNAPGUX542ZGZVJVHLSIRP2QBAKPX2GR6DF6I5NQ,2 Choice
233,PDVF7BKP7DQDGLDSC3OTW6GM34ZSA7HTOC5WSUGM72MBZFF2UKTC3HJZPA,1 Choice
234,25S2YKMG2E3L5RTFI67NTSWFJJQHBTDULAIN7TQVXWB3E4E5Y6BPG3O44I,0 Choice
235,3XOQCAIHLQQMTIX5QZGGVRX52DC6ARDKZJOMLF7SSCYLP3WWUNYLPN4WN4,4
